First_Name,Last_Name,Address,City ,State,Zip,Time
Melanie,Harding,942-9438 Dolor St.,Z1,Z1,Z1,1
Richard,Feynman,4187 At Ave,Z1,Z1,Z1,1
Arline,Feynman,4187 At Ave,Z1,Z1,Z1,1
Whoopi,Hogan,324-5573 Magna. Ave,Z1,Z1,Z1,1
Neville,Hopkins,4641 Lobortis St.,Z2,Z2,Z2,1
Adam,Jensen,584-4224 Sed Road,Z2,Z2,Z2,1
Carla,Jensen,584-4224 Sed Road,Z2,Z2,Z2,2
Alice,Joyner,498-5791 Nullam Av.,Z2,Z2,Z2,2
Wanda,Kemp,158-9370 Donec Ave,Z3,Z3,Z3,2
Cody,Kennedy,812-8558 Feugiat St.,Z3,Z3,Z3,2
Ryan,Kirk,7441 Morbi Rd.,Z3,Z3,Z3,2
Kathleen,Koch,648 Tincidunt Av.,Z3,Z3,Z3,2
Chava,Lambert, 2183 Dolor. Av.,Z4,Z4,Z4,3
Dana,Lee,Ap #816-9177 Morbi Av.,Z4,Z4,Z4,3
Jesse,Livingston,7995 Vivamus Street,Z4,Z4,Z4,3
Emmanuel,Lott,124-2772 Adipiscing Avenue,Z4,Z4,Z4,3
Gillian,Lynn,Ap #704-9218 Odio. Street,Z5,Z5,Z5,3
Raphael,Maldonado,Ap #515-8832 Phasellus Av.,Z5,Z5,Z5,3
Pascale,Mcclure,6696 Scelerisque Rd.,Z5,Z5,Z5,4
Derek,Mcgowan,6463 Iaculis Avenue,Z5,Z5,Z5,4
Yetta,Mcgowan,6463 Iaculis Avenue,Z6,Z6,Z6,4
Hyacinth,Mcintyre,5380 Non Street,Z6,Z6,Z6,4
Linda,Mckinney,9540 Cubilia Ave,Z6,Z6,Z6,4
Morgan,Mckinney,9540 Cubilia Ave,Z6,Z6,Z6,4
Yolanda,Mercer,210-8784 At St.,Z7,Z7,Z7,5
Clark,Merrill,168-9748 Sem St.,Z7,Z7,Z7,5
Kevin,Michael,8155 Tincidunt Avenue,Z7,Z7,Z7,5
Alexa,Mosley,9941 Duis Avenue,Z7,Z7,Z7,5
Fredericka,Mueller,237-8498 Sed Rd.,Z8,Z8,Z8,5
May,Navarro,697-1638 Sagittis. St.,Z8,Z8,Z8,5
Jacob,Obrien,2434 Nunc Ave,Z8,Z8,Z8,6
Adele,Payne,7802 Nisi Street,Z8,Z8,Z8,6
Rosalyn,Perry,4440 Penatibus Avenue,Z9,Z9,Z9,6
Jamalia,Porter,6464 Mi Av.,Z9,Z9,Z9,6
Karleigh,Reese,Ap #741-8001 Ac St.,Z9,Z9,Z9,6
Ocean,Richmond,Ap #468-9210 Non Road,Z9,Z9,Z9,6
Xenos,Rutledge,7690 Lacus. Ave,Z10,Z10,Z10,7
Charissa,Sanders,Ap #435-2730 Arcu. Av.,Z10,Z10,Z10,7
Remedios,Sawyer,184-4271 Ligula. St.,Z10,Z10,Z10,7
Arthur,Schwartz, 4558 Lobortis Rd.,Z10,Z10,Z10,7
Isadora,Sharp,2715 Blandit Rd.,Z11,Z11,Z11,7
Nicole,Shelton,7292 Auctor Ave,Z11,Z11,Z11,7
Oleg,Shepherd,Ap #246-4140 Turpis Ave,Z11,Z11,Z11,8
Hollee,Sloan,752-3019 Volutpat Rd.,Z11,Z11,Z11,8
Sylvia,Solis,857-4685 Semper Street,Z12,Z12,Z12,8
Kelly,Stevens,Ap #523-1600 Risus. St.,Z12,Z12,Z12,8
Tatyana,Stokes,Ap #673-2922 Accumsan Av.,Z12,Z12,Z12,8
Maryam,Strickland,2102 Integer Rd.,Z12,Z12,Z12,8
Vivian,Vaughn,6943 Orci St.,Z13,Z13,Z13,9
Lucius,Walker,8160 Ac St.,Z13,Z13,Z13,9
Patricia,Weaver,7679 Dolor. Rd.,Z13,Z13,Z13,9
Aphrodite,Whitley,429-2484 Sapien St.,Z13,Z13,Z13,9
Madeline,William,Ap #223-3298 Vulputate Avenue,Z14,Z14,Z14,9
Calvin,Williamson,Ap #131-9999 Nibh. Ave,Z14,Z14,Z14,9
Steven,Winters,762-5482 Elit Avenue,Z14,Z14,Z14,10
Sara,Winters,762-5482 Elit Avenue,Z14,Z14,Z14,10
Aileen,Wise,8886 Fringilla St.,Z15,Z15,Z15,10
Eric,Wood,5912 Libero. St.,Z15,Z15,Z15,10
Alana,Wynn,4145 Penatibus Avenue,Z15,Z15,Z15,10
John ,Wynn,4145 Penatibus Avenue,Z15,Z15,Z15,10
